{"cameraMode":{"drawMode":0,"name":"Shaded","section":"Shading Mode"},"sceneLighting":true,"audioPlay":false,"sceneViewState":{"m_AlwaysRefresh":false,"showFog":true,"showSkybox":true,"showFlares":true,"showImageEffects":true,"showParticleSystems":true,"showVisualEffectGraphs":true,"m_FxEnabled":true},"in2DMode":false,"pivot":{"x":16.097505569458009,"y":-27.928834915161134,"z":5.2455902099609379},"rotation":{"x":0.37516677379608157,"y":0.5317074060440064,"z":-0.2831366956233978,"w":0.7045396566390991},"size":32.32825469970703,"orthographic":false}