{"cameraMode":{"drawMode":0,"name":"Shaded","section":"Shading Mode"},"sceneLighting":false,"audioPlay":false,"sceneViewState":{"m_AlwaysRefresh":false,"showFog":true,"showSkybox":false,"showFlares":true,"showImageEffects":true,"showParticleSystems":true,"showVisualEffectGraphs":true,"m_FxEnabled":true},"in2DMode":false,"pivot":{"x":-0.00014102458953857422,"y":0.2988893687725067,"z":-0.0008609890937805176},"rotation":{"x":0.17337016761302949,"y":0.4771786332130432,"z":-0.09663459658622742,"w":0.8561023473739624},"size":0.40156877040863039,"orthographic":false}